Student_ID,Age,Gender,Academic_Level,Country,Avg_Daily_Usage_Hours,Most_Used_Platform,Affects_Academic_Performance,Sleep_Hours_Per_Night,Mental_Health_Score,Relationship_Status,Conflicts_Over_Social_Media,Addicted_Score
1,19,Female,Undergraduate,Bangladesh,5.2,Instagram,Yes,6.5,6,In Relationship,3,8
2,22,Male,Graduate,India,2.1,Twitter,No,7.5,8,Single,0,3
3,20,Female,Undergraduate,USA,6,TikTok,Yes,5,5,Complicated,4,9
4,18,Male,High School,UK,3,YouTube,No,7,7,Single,1,4
5,21,Male,Graduate,Canada,4.5,Facebook,Yes,6,6,In Relationship,2,7
6,19,Female,Undergraduate,Australia,7.2,Instagram,Yes,4.5,4,Complicated,5,9
7,23,Male,Graduate,Germany,1.5,LinkedIn,No,8,9,Single,0,2
8,20,Female,Undergraduate,Brazil,5.8,Snapchat,Yes,6,6,In Relationship,2,8
9,18,Male,High School,Japan,4,TikTok,No,6.5,7,Single,1,5
10,21,Female,Graduate,South Korea,3.3,Instagram,No,7,7,In Relationship,1,4
11,19,Male,Undergraduate,France,4.8,Snapchat,Yes,6.2,5,Complicated,3,7
12,20,Female,Undergraduate,Spain,5.5,TikTok,Yes,5.8,6,In Relationship,2,8
13,22,Male,Graduate,Italy,2.8,LinkedIn,No,7.2,8,Single,1,4
14,18,Female,High School,Mexico,6.5,Instagram,Yes,5.5,5,Single,4,9
15,21,Male,Undergraduate,Russia,3.7,YouTube,No,6.8,7,In Relationship,2,5
16,20,Female,Undergraduate,China,4.2,TikTok,Yes,6,6,Complicated,3,7
17,24,Male,Graduate,Sweden,2,LinkedIn,No,7.8,8,Single,0,3
18,19,Female,High School,Norway,5,Instagram,Yes,5.7,5,In Relationship,3,8
Student_ID,21,Male,Undergraduate,Denmark,3.5,Facebook,No,6.7,7,Single,1,5
19,20,Female,Undergraduate,Netherlands,4.7,Snapchat,Yes,5.9,6,Complicated,3,7
20,18,Male,High School,Belgium,5.3,TikTok,Yes,5.5,5,Single,4,8
21,23,Female,Graduate,Switzerland,2.5,LinkedIn,No,7.3,8,In Relationship,1,4
22,19,Male,Undergraduate,Austria,4.9,Instagram,Yes,5.8,6,Complicated,3,7
23,20,Female,Undergraduate,Portugal,5.7,TikTok,Yes,5.4,5,Single,4,8
24,22,Male,Graduate,Greece,3.2,Facebook,No,6.9,7,In Relationship,2,5
25,19,Female,High School,Ireland,6.1,Instagram,Yes,5.2,5,Complicated,4,9
26,21,Male,Undergraduate,New Zealand,3.8,YouTube,No,6.6,7,Single,1,5
27,20,Female,Undergraduate,Singapore,4.4,TikTok,Yes,5.9,6,In Relationship,3,7
28,24,Male,Graduate,Malaysia,2.2,LinkedIn,No,7.4,8,Single,0,3
29,19,Female,High School,Thailand,5.9,Instagram,Yes,5.3,5,Complicated,4,8
30,21,Male,Undergraduate,Vietnam,3.6,Facebook,No,6.7,7,Single,1,5
31,20,Female,Undergraduate,Philippines,4.8,Snapchat,Yes,5.7,6,In Relationship,3,7
32,18,Male,High School,Indonesia,5.4,TikTok,Yes,5.4,5,Complicated,4,8
33,23,Female,Graduate,Taiwan,2.6,LinkedIn,No,7.2,8,Single,1,4
34,19,Male,Undergraduate,Hong Kong,4.7,Instagram,Yes,5.8,6,In Relationship,3,7
35,20,Female,Undergraduate,Turkey,5.6,TikTok,Yes,5.5,5,Complicated,4,8
36,22,Male,Graduate,Israel,3.1,Facebook,No,6.8,7,Single,1,5
Student_ID,19,Female,High School,UAE,6.2,Instagram,Yes,5.1,5,In Relationship,4,9
37,21,Male,Undergraduate,Egypt,3.9,YouTube,No,6.5,7,Complicated,2,6
38,20,Female,Undergraduate,Morocco,4.5,TikTok,Yes,5.8,6,Single,3,7
39,24,Male,Graduate,South Africa,2.3,LinkedIn,No,7.3,8,In Relationship,1,4
40,19,Female,High School,Nigeria,5.8,Instagram,Yes,5.4,5,Complicated,4,8
41,21,Male,Undergraduate,Kenya,3.7,Facebook,No,6.6,7,Single,2,5
42,20,Female,Undergraduate,Ghana,4.6,Snapchat,Yes,5.7,6,In Relationship,3,7
43,18,Male,High School,Argentina,5.5,TikTok,Yes,5.3,5,Single,4,8
44,23,Female,Graduate,Chile,2.7,LinkedIn,No,7.1,8,Complicated,1,4
45,19,Male,Undergraduate,Colombia,4.8,Instagram,Yes,5.9,6,In Relationship,3,7
46,20,Female,Undergraduate,Peru,5.5,TikTok,Yes,5.6,5,Single,4,8
47,22,Male,Graduate,Venezuela,3.3,Facebook,No,6.7,7,In Relationship,2,5
48,19,Female,High School,Ecuador,6.3,Instagram,Yes,5.2,5,Complicated,4,9
49,21,Male,Undergraduate,Uruguay,3.8,YouTube,No,6.4,7,Single,2,6
50,20,Female,Undergraduate,Paraguay,4.7,TikTok,Yes,5.8,6,In Relationship,3,7
51,24,Male,Graduate,Bolivia,2.4,LinkedIn,No,7.2,8,Complicated,1,4
52,19,Female,High School,Costa Rica,5.7,Instagram,Yes,5.5,5,Single,4,8
53,21,Male,Undergraduate,Panama,3.6,Facebook,No,6.5,7,In Relationship,2,5
54,20,Female,Undergraduate,Jamaica,4.9,Snapchat,Yes,5.6,6,Complicated,3,7
Student_ID,18,Male,High School,Trinidad,5.6,TikTok,Yes,5.2,5,Single,4,8
55,23,Female,Graduate,Bahamas,2.8,LinkedIn,No,7,8,In Relationship,1,4
56,19,Male,Undergraduate,Iceland,4.6,Instagram,Yes,5.9,6,Complicated,3,7
57,20,Female,Undergraduate,Finland,5.4,TikTok,Yes,5.7,5,Single,4,8
58,22,Male,Graduate,Poland,3.1,Facebook,No,7.1,7,Single,1,5
59,19,Female,Undergraduate,Romania,5.6,Instagram,Yes,5.6,5,In Relationship,3,8
60,20,Male,Undergraduate,Hungary,4.2,TikTok,Yes,6,6,Complicated,3,7
61,18,Female,High School,Czech Republic,6.1,Snapchat,Yes,5.2,4,Single,4,9
62,23,Male,Graduate,Slovakia,2.3,LinkedIn,No,7.4,8,In Relationship,1,3
63,21,Female,Undergraduate,Croatia,4.8,Instagram,Yes,5.8,6,Single,3,7
64,20,Male,Undergraduate,Serbia,3.9,YouTube,No,6.5,7,Complicated,2,6
65,19,Female,High School,Slovenia,5.7,TikTok,Yes,5.4,5,In Relationship,4,8
66,22,Male,Graduate,Bulgaria,2.8,LinkedIn,No,7.2,8,Single,1,4
67,20,Female,Undergraduate,Estonia,4.5,Instagram,Yes,5.9,6,Complicated,3,7
68,18,Male,High School,Latvia,5.4,Snapchat,Yes,5.5,5,Single,4,8
69,21,Female,Graduate,Lithuania,3.2,Facebook,No,6.8,7,In Relationship,2,5
70,19,Male,Undergraduate,Ukraine,4.9,TikTok,Yes,5.7,6,Complicated,3,7
71,20,Female,Undergraduate,Moldova,5.8,Instagram,Yes,5.3,5,Single,4,8
72,23,Male,Graduate,Belarus,2.5,LinkedIn,No,7.3,8,In Relationship,1,4
Student_ID,21,Female,Undergraduate,Kazakhstan,4.6,Snapchat,Yes,5.8,6,Single,3,7
73,19,Male,High School,Uzbekistan,5.5,TikTok,Yes,5.4,5,Complicated,4,8
74,22,Female,Graduate,Kyrgyzstan,2.9,Facebook,No,7,7,In Relationship,2,5
75,20,Male,Undergraduate,Tajikistan,4.7,YouTube,Yes,5.9,6,Single,3,7
76,18,Female,High School,Armenia,5.9,Instagram,Yes,5.2,5,Complicated,4,9
77,21,Male,Graduate,Georgia,3,LinkedIn,No,7.1,8,In Relationship,1,4
78,19,Female,Undergraduate,Azerbaijan,4.8,TikTok,Yes,5.7,6,Single,3,7
79,20,Male,Undergraduate,Cyprus,3.8,Facebook,No,6.6,7,Complicated,2,6
80,22,Female,Graduate,Malta,2.7,LinkedIn,No,7.2,8,In Relationship,1,4
81,18,Male,High School,Luxembourg,5.6,Snapchat,Yes,5.3,5,Single,4,8
82,21,Female,Undergraduate,Monaco,4.5,Instagram,Yes,5.8,6,Complicated,3,7
83,19,Male,High School,Andorra,5.3,TikTok,Yes,5.5,5,In Relationship,4,8
84,23,Female,Graduate,San Marino,2.6,LinkedIn,No,7.3,8,Single,1,4
85,20,Male,Undergraduate,Vatican City,4.4,YouTube,Yes,6,6,Complicated,3,7
86,18,Female,High School,Liechtenstein,5.8,Instagram,Yes,5.2,5,Single,4,9
87,22,Male,Graduate,Montenegro,2.9,Facebook,No,7,7,In Relationship,2,5
88,19,Female,Undergraduate,Albania,4.7,TikTok,Yes,5.8,6,Complicated,3,7
89,21,Male,Undergraduate,North Macedonia,3.7,Snapchat,No,6.5,7,Single,2,6
90,20,Female,High School,Kosovo,5.5,Instagram,Yes,5.4,5,In Relationship,4,8
Student_ID,23,Male,Graduate,Bosnia,2.4,LinkedIn,No,7.4,8,Complicated,1,4
91,19,Female,Undergraduate,Qatar,4.9,TikTok,Yes,5.7,6,Single,3,7
92,18,Male,High School,Kuwait,5.7,Snapchat,Yes,5.3,5,In Relationship,4,8
93,22,Female,Graduate,Bahrain,2.8,LinkedIn,No,7.1,8,Complicated,1,4
94,20,Male,Undergraduate,Oman,4.6,Instagram,Yes,5.9,6,Single,3,7
95,21,Female,Undergraduate,Jordan,5.4,TikTok,Yes,5.5,5,In Relationship,4,8
96,19,Male,High School,Lebanon,5.8,YouTube,Yes,5.2,5,Complicated,4,9
97,23,Female,Graduate,Iraq,2.5,LinkedIn,No,7.3,8,Single,1,4
98,20,Male,Undergraduate,Yemen,4.7,Facebook,Yes,5.8,6,In Relationship,3,7
99,18,Female,High School,Syria,5.6,Instagram,Yes,5.4,5,Single,4,8
100,22,Male,Graduate,Afghanistan,2.9,LinkedIn,No,7,7,Complicated,2,5
101,19,Female,Undergraduate,Pakistan,4.8,TikTok,Yes,5.7,6,In Relationship,3,7
102,21,Male,Undergraduate,Nepal,3.8,YouTube,No,6.6,7,Single,2,6
103,20,Female,High School,Bhutan,5.5,Snapchat,Yes,5.5,5,Complicated,4,8
104,23,Male,Graduate,Sri Lanka,2.6,LinkedIn,No,7.2,8,In Relationship,1,4
105,19,Female,Undergraduate,Maldives,4.9,Instagram,Yes,5.8,6,Single,3,7
106,20,Male,Undergraduate,Bangladesh,6.1,Instagram,Yes,6.2,5,Single,4,8
107,21,Female,Undergraduate,India,5.8,TikTok,Yes,5.9,6,In Relationship,3,7
108,19,Male,Undergraduate,Nepal,4.9,Facebook,No,7.1,7,Single,2,5
Student_ID,22,Female,Graduate,Pakistan,5.5,Instagram,Yes,6,5,Single,4,8
109,20,Male,Undergraduate,Sri Lanka,5.2,TikTok,Yes,6.3,6,In Relationship,3,7
110,19,Female,Undergraduate,Maldives,4.8,Instagram,No,7.2,8,Single,2,5
111,21,Male,Graduate,Bangladesh,6,Facebook,Yes,5.8,5,In Relationship,4,8
112,20,Female,Undergraduate,India,5.7,Instagram,Yes,6.1,6,Single,3,7
113,22,Male,Graduate,Nepal,4.7,TikTok,No,7.3,7,Single,2,5
114,19,Female,Undergraduate,Pakistan,5.4,Instagram,Yes,6.2,5,In Relationship,4,8
115,20,Male,Undergraduate,Sri Lanka,5.9,Facebook,Yes,5.9,6,Single,3,7
116,21,Female,Graduate,Maldives,4.6,Instagram,No,7.4,8,In Relationship,2,5
117,19,Male,Undergraduate,Bangladesh,5.3,TikTok,Yes,6.3,5,Single,4,8
118,22,Female,Graduate,India,5.8,Instagram,Yes,5.8,6,In Relationship,3,7
119,20,Male,Undergraduate,Nepal,4.5,Facebook,No,7.5,7,Single,2,5
120,21,Female,Graduate,Pakistan,5.2,Instagram,Yes,6.4,5,In Relationship,4,8
121,19,Male,Undergraduate,Sri Lanka,5.7,TikTok,Yes,5.7,6,Single,3,7
122,20,Female,Undergraduate,Maldives,4.4,Instagram,No,7.6,8,In Relationship,2,5
123,22,Male,Graduate,Bangladesh,5.1,Facebook,Yes,6.5,5,Single,4,8
124,21,Female,Graduate,India,5.6,Instagram,Yes,5.6,6,In Relationship,3,7
125,19,Male,Undergraduate,Nepal,4.3,TikTok,No,7.7,7,Single,2,5
126,20,Female,Undergraduate,Pakistan,5,Instagram,Yes,6.6,5,In Relationship,4,8
Student_ID,22,Male,Graduate,Sri Lanka,5.5,Facebook,Yes,5.5,6,Single,3,7
127,21,Female,Graduate,Maldives,4.2,Instagram,No,7.8,8,In Relationship,2,5
128,19,Male,Undergraduate,Bangladesh,4.9,TikTok,Yes,6.7,5,Single,4,8
129,20,Female,Undergraduate,India,5.4,Instagram,Yes,5.4,6,In Relationship,3,7
130,22,Male,Graduate,Nepal,4.1,Facebook,No,7.9,7,Single,2,5
131,21,Female,Graduate,Pakistan,4.8,Instagram,Yes,6.8,5,In Relationship,4,8
132,19,Male,Undergraduate,Sri Lanka,5.3,TikTok,Yes,5.3,6,Single,3,7
133,20,Female,Undergraduate,Maldives,4,Instagram,No,8,8,In Relationship,2,5
134,22,Male,Graduate,Bangladesh,4.7,Facebook,Yes,6.9,5,Single,4,8
135,21,Female,Graduate,India,5.2,Instagram,Yes,5.2,6,In Relationship,3,7
136,19,Male,Undergraduate,Nepal,3.9,TikTok,No,8.1,7,Single,2,5
137,20,Female,Undergraduate,Pakistan,4.6,Instagram,Yes,7,5,In Relationship,4,8
138,22,Male,Graduate,Sri Lanka,5.1,Facebook,Yes,5.1,6,Single,3,7
139,21,Female,Graduate,Maldives,3.8,Instagram,No,8.2,8,In Relationship,2,5
140,19,Male,Undergraduate,Bangladesh,4.5,TikTok,Yes,7.1,5,Single,4,8
141,20,Female,Undergraduate,India,5,Instagram,Yes,5,6,In Relationship,3,7
142,22,Male,Graduate,Nepal,3.7,Facebook,No,8.3,7,Single,2,5
143,21,Female,Graduate,Pakistan,4.4,Instagram,Yes,7.2,5,In Relationship,4,8
144,19,Male,Undergraduate,Sri Lanka,4.9,TikTok,Yes,4.9,6,Single,3,7
Student_ID,20,Female,Undergraduate,Maldives,3.6,Instagram,No,8.4,8,In Relationship,2,5
145,22,Male,Graduate,Bangladesh,4.3,Facebook,Yes,7.3,5,Single,4,8
146,21,Female,Graduate,India,4.8,Instagram,Yes,4.8,6,In Relationship,3,7
147,19,Male,Undergraduate,Nepal,3.5,TikTok,No,8.5,7,Single,2,5
148,20,Female,Undergraduate,Pakistan,4.2,Instagram,Yes,7.4,5,In Relationship,4,8
149,22,Male,Graduate,Sri Lanka,4.7,Facebook,Yes,4.7,6,Single,3,7
150,21,Female,Graduate,Maldives,3.4,Instagram,No,8.6,8,In Relationship,2,5
151,19,Male,Undergraduate,Bangladesh,4.1,TikTok,Yes,7.5,5,Single,4,8
152,20,Female,Undergraduate,India,4.6,Instagram,Yes,4.6,6,In Relationship,3,7
153,19,Female,Undergraduate,Bangladesh,5.3,Instagram,Yes,6.1,5,Single,3,7
154,21,Male,Graduate,India,4.8,Facebook,No,7.2,7,In Relationship,2,6
155,20,Female,Undergraduate,Nepal,5.5,TikTok,Yes,5.9,6,Single,4,8
156,22,Male,Graduate,Pakistan,4.7,Instagram,Yes,6.3,5,In Relationship,3,7
157,19,Female,Undergraduate,Sri Lanka,5.1,Facebook,No,7,7,Single,2,5
158,21,Male,Graduate,Maldives,5.4,TikTok,Yes,6,6,In Relationship,4,8
159,20,Female,Undergraduate,Bangladesh,4.9,Instagram,Yes,6.4,5,Single,3,7
160,22,Male,Graduate,India,5.2,Facebook,No,7.1,7,In Relationship,2,6
161,19,Female,Undergraduate,Nepal,5.6,TikTok,Yes,5.8,6,Single,4,8
162,21,Male,Graduate,Pakistan,4.6,Instagram,Yes,6.5,5,In Relationship,3,7
Student_ID,20,Female,Undergraduate,Sri Lanka,5,Facebook,No,7.3,7,Single,2,5
163,22,Male,Graduate,Maldives,5.3,TikTok,Yes,5.7,6,In Relationship,4,8
164,19,Female,Undergraduate,Bangladesh,4.8,Instagram,Yes,6.6,5,Single,3,7
165,21,Male,Graduate,India,5.1,Facebook,No,7.4,7,In Relationship,2,6
166,20,Female,Undergraduate,Nepal,5.7,TikTok,Yes,5.6,6,Single,4,8
167,22,Male,Graduate,Pakistan,4.5,Instagram,Yes,6.7,5,In Relationship,3,7
168,19,Female,Undergraduate,Sri Lanka,4.9,Facebook,No,7.5,7,Single,2,5
169,21,Male,Graduate,Maldives,5.2,TikTok,Yes,5.5,6,In Relationship,4,8
170,20,Female,Undergraduate,Bangladesh,4.7,Instagram,Yes,6.8,5,Single,3,7
171,22,Male,Graduate,India,5,Facebook,No,7.6,7,In Relationship,2,6
172,19,Female,Undergraduate,Nepal,5.8,TikTok,Yes,5.4,6,Single,4,8
173,21,Male,Graduate,Pakistan,4.4,Instagram,Yes,6.9,5,In Relationship,3,7
174,20,Female,Undergraduate,Sri Lanka,4.8,Facebook,No,7.7,7,Single,2,5
175,22,Male,Graduate,Maldives,5.1,TikTok,Yes,5.3,6,In Relationship,4,8
176,19,Female,Undergraduate,Bangladesh,4.6,Instagram,Yes,7,5,Single,3,7
177,21,Male,Graduate,India,4.9,Facebook,No,7.8,7,In Relationship,2,6
178,20,Female,Undergraduate,Nepal,5.9,TikTok,Yes,5.2,6,Single,4,8
179,22,Male,Graduate,Pakistan,4.3,Instagram,Yes,7.1,5,In Relationship,3,7
180,19,Female,Undergraduate,Sri Lanka,4.7,Facebook,No,7.9,7,Single,2,5
Student_ID,21,Male,Graduate,Maldives,5,TikTok,Yes,5.1,6,In Relationship,4,8
181,20,Female,Undergraduate,Bangladesh,4.5,Instagram,Yes,7.2,5,Single,3,7
182,22,Male,Graduate,India,4.8,Facebook,No,8,7,In Relationship,2,6
183,19,Female,Undergraduate,Nepal,6,TikTok,Yes,5,6,Single,4,8
184,21,Male,Graduate,Pakistan,4.2,Instagram,Yes,7.3,5,In Relationship,3,7
185,20,Female,Undergraduate,Sri Lanka,4.6,Facebook,No,8.1,7,Single,2,5
186,22,Male,Graduate,Maldives,4.9,TikTok,Yes,4.9,6,In Relationship,4,8
187,19,Female,Undergraduate,Bangladesh,4.4,Instagram,Yes,7.4,5,Single,3,7
188,21,Male,Graduate,India,4.7,Facebook,No,8.2,7,In Relationship,2,6
189,20,Female,Undergraduate,Nepal,6.1,TikTok,Yes,4.8,6,Single,4,8
190,22,Male,Graduate,Pakistan,4.1,Instagram,Yes,7.5,5,In Relationship,3,7
191,19,Female,Undergraduate,Sri Lanka,4.5,Facebook,No,8.3,7,Single,2,5
192,21,Male,Graduate,Maldives,4.8,TikTok,Yes,4.7,6,In Relationship,4,8
193,20,Female,Undergraduate,Bangladesh,4.3,Instagram,Yes,7.6,5,Single,3,7
194,22,Male,Graduate,India,4.6,Facebook,No,8.4,7,In Relationship,2,6
195,19,Female,Undergraduate,Nepal,6.2,TikTok,Yes,4.6,6,Single,4,8
196,21,Male,Graduate,Pakistan,4,Instagram,Yes,7.7,5,In Relationship,3,7
197,20,Female,Undergraduate,Sri Lanka,4.4,Facebook,No,8.5,7,Single,2,5
198,22,Male,Graduate,Maldives,4.7,TikTok,Yes,4.5,6,In Relationship,4,8
Student_ID,19,Female,Undergraduate,Bangladesh,4.2,Instagram,Yes,7.8,5,Single,3,7
199,21,Male,Graduate,India,4.5,Facebook,No,8.6,7,In Relationship,2,6
200,20,Female,Undergraduate,Nepal,6.3,TikTok,Yes,4.4,6,Single,4,8
201,22,Male,Graduate,Pakistan,3.9,Instagram,Yes,7.9,5,In Relationship,3,7
202,19,Female,Undergraduate,Sri Lanka,4.3,Facebook,No,8.7,7,Single,2,5
203,21,Male,Graduate,Maldives,4.6,TikTok,Yes,4.3,6,In Relationship,4,8
204,20,Female,Undergraduate,Bangladesh,4.1,Instagram,Yes,8,5,Single,3,7
205,22,Male,Graduate,India,4.4,Facebook,No,8.8,7,In Relationship,2,6
206,19,Female,Undergraduate,Nepal,6.4,TikTok,Yes,4.2,6,Single,4,8
207,21,Male,Graduate,Pakistan,3.8,Instagram,Yes,8.1,5,In Relationship,3,7
208,20,Female,Undergraduate,Sri Lanka,4.2,Facebook,No,8.9,7,Single,2,5
209,22,Male,Graduate,Maldives,4.5,TikTok,Yes,4.1,6,In Relationship,4,8
210,19,Female,Undergraduate,USA,6.5,Instagram,Yes,6,5,Single,4,9
211,21,Male,Graduate,UK,5.8,TikTok,Yes,6.5,6,In Relationship,3,7
212,20,Female,Undergraduate,Australia,4.5,Instagram,No,7.5,8,Single,2,5
213,22,Male,Graduate,Germany,4.2,Facebook,No,7.8,7,In Relationship,2,4
214,19,Female,Undergraduate,Japan,3.8,LINE,No,7.9,8,Single,1,3
215,21,Male,Graduate,Italy,5.5,Instagram,Yes,6.8,6,Single,3,7
216,20,Female,Undergraduate,South Korea,5.2,KakaoTalk,Yes,6.5,6,In Relationship,3,6
Student_ID,22,Male,Graduate,Russia,4.8,VKontakte,No,7.2,7,Single,2,5
217,19,Female,Undergraduate,USA,7,TikTok,Yes,5.8,4,In Relationship,4,9
218,21,Male,Graduate,UK,5.5,Instagram,Yes,6.7,6,Single,3,7
219,20,Female,Undergraduate,Australia,4.7,Facebook,No,7.4,7,In Relationship,2,5
220,22,Male,Graduate,Germany,4,Instagram,No,7.9,8,Single,1,4
221,19,Female,Undergraduate,Japan,3.5,LINE,No,8,8,Single,1,3
222,21,Male,Graduate,Italy,5.7,TikTok,Yes,6.5,5,In Relationship,3,8
223,20,Female,Undergraduate,South Korea,5,KakaoTalk,Yes,6.8,6,Single,3,6
224,22,Male,Graduate,Russia,4.5,VKontakte,No,7.4,7,In Relationship,2,5
225,19,Female,Undergraduate,USA,6.8,Instagram,Yes,5.9,4,Single,4,9
226,21,Male,Graduate,UK,5.6,Facebook,Yes,6.6,6,In Relationship,3,7
227,20,Female,Undergraduate,Australia,4.6,Instagram,No,7.3,7,Single,2,5
228,22,Male,Graduate,Germany,4.1,Facebook,No,7.7,8,In Relationship,2,4
229,19,Female,Undergraduate,Japan,3.7,LINE,No,7.8,8,Single,1,3
230,21,Male,Graduate,Italy,5.4,Instagram,Yes,6.7,5,Single,3,7
231,20,Female,Undergraduate,South Korea,5.1,KakaoTalk,Yes,6.6,6,In Relationship,3,6
232,22,Male,Graduate,Russia,4.7,VKontakte,No,7.3,7,Single,2,5
233,19,Female,Undergraduate,USA,6.9,TikTok,Yes,5.7,4,In Relationship,4,9
234,21,Male,Graduate,UK,5.7,Instagram,Yes,6.4,6,Single,3,7
Student_ID,20,Female,Undergraduate,Australia,4.8,Facebook,No,7.2,7,In Relationship,2,5
235,22,Male,Graduate,Germany,3.9,Instagram,No,7.8,8,Single,1,4
236,19,Female,Undergraduate,Japan,3.6,LINE,No,8.1,8,Single,1,3
237,21,Male,Graduate,Italy,5.6,TikTok,Yes,6.6,5,In Relationship,3,8
238,20,Female,Undergraduate,South Korea,4.9,KakaoTalk,Yes,6.9,6,Single,3,6
239,22,Male,Graduate,Russia,4.6,VKontakte,No,7.5,7,In Relationship,2,5
240,19,Female,Undergraduate,USA,6.7,Instagram,Yes,5.8,4,Single,4,9
241,21,Male,Graduate,UK,5.4,Facebook,Yes,6.5,6,In Relationship,3,7
242,20,Female,Undergraduate,Australia,4.4,Instagram,No,7.4,7,Single,2,5
243,22,Male,Graduate,Germany,4,Facebook,No,7.6,8,In Relationship,2,4
244,19,Female,Undergraduate,Japan,3.4,LINE,No,8.2,8,Single,1,3
245,21,Male,Graduate,Italy,5.3,Instagram,Yes,6.8,5,Single,3,7
246,20,Female,Undergraduate,South Korea,5,KakaoTalk,Yes,6.7,6,In Relationship,3,6
247,22,Male,Graduate,Russia,4.4,VKontakte,No,7.6,7,Single,2,5
248,19,Female,Undergraduate,USA,6.6,TikTok,Yes,5.6,4,In Relationship,4,9
249,21,Male,Graduate,UK,5.3,Instagram,Yes,6.3,6,Single,3,7
250,20,Female,Undergraduate,Australia,4.3,Facebook,No,7.5,7,In Relationship,2,5
251,22,Male,Graduate,Germany,3.8,Instagram,No,7.7,8,Single,1,4
252,19,Female,Undergraduate,Japan,3.3,LINE,No,8.3,8,Single,1,3
Student_ID,21,Male,Graduate,Italy,5.2,TikTok,Yes,6.9,5,In Relationship,3,8
253,20,Female,Undergraduate,South Korea,4.8,KakaoTalk,Yes,7,6,Single,3,6
254,22,Male,Graduate,Russia,4.3,VKontakte,No,7.7,7,In Relationship,2,5
255,19,Female,Undergraduate,USA,6.4,Instagram,Yes,5.7,4,Single,4,9
256,21,Male,Graduate,UK,5.2,Facebook,Yes,6.4,6,In Relationship,3,7
257,20,Female,Undergraduate,Australia,4.5,Instagram,No,7.3,7,Single,2,5
258,22,Male,Graduate,Germany,3.7,Facebook,No,7.8,8,In Relationship,1,4
259,19,Female,Undergraduate,Japan,3.2,LINE,No,8.4,8,Single,1,3
260,21,Male,Graduate,Italy,5.4,Instagram,Yes,6.7,5,Single,3,7
261,20,Female,Undergraduate,South Korea,4.7,KakaoTalk,Yes,7.1,6,In Relationship,3,6
262,22,Male,Graduate,Russia,4.2,VKontakte,No,7.8,7,Single,2,5
263,19,Female,Undergraduate,USA,6.6,TikTok,Yes,5.5,4,In Relationship,4,9
264,21,Male,Graduate,UK,5.1,Instagram,Yes,6.5,6,Single,3,7
265,20,Female,Undergraduate,Australia,4.4,Facebook,No,7.4,7,In Relationship,2,5
266,22,Male,Graduate,Germany,3.6,Instagram,No,7.9,8,Single,1,4
267,19,Female,Undergraduate,Japan,3.1,LINE,No,8.5,8,Single,1,3
268,21,Male,Graduate,Italy,5.3,TikTok,Yes,6.8,5,In Relationship,3,8
269,20,Female,Undergraduate,South Korea,4.6,KakaoTalk,Yes,7.2,6,Single,3,6
270,22,Male,Graduate,Russia,4.1,VKontakte,No,7.9,7,In Relationship,2,5
Student_ID,19,Female,Undergraduate,USA,6.7,Instagram,Yes,5.4,4,Single,4,9
271,21,Male,Graduate,UK,5,Facebook,Yes,6.6,6,In Relationship,3,7
272,20,Female,Undergraduate,Australia,4.3,Instagram,No,7.5,7,Single,2,5
273,22,Male,Graduate,Germany,3.5,Facebook,No,8,8,In Relationship,1,4
274,19,Female,Undergraduate,Japan,3,LINE,No,8.6,8,Single,1,3
275,21,Male,Graduate,Italy,5.2,Instagram,Yes,6.9,5,Single,3,7
276,20,Female,Undergraduate,South Korea,4.5,KakaoTalk,Yes,7.3,6,In Relationship,3,6
277,22,Male,Graduate,Russia,4,VKontakte,No,8,7,Single,2,5
278,19,Female,Undergraduate,USA,6.8,TikTok,Yes,5.3,4,In Relationship,4,9
279,21,Male,Graduate,UK,4.9,Instagram,Yes,6.7,6,Single,3,7
280,20,Female,Undergraduate,Australia,4.2,Facebook,No,7.6,7,In Relationship,2,5
281,22,Male,Graduate,Germany,3.4,Instagram,No,8.1,8,Single,1,4
282,19,Female,Undergraduate,Japan,2.9,LINE,No,8.7,8,Single,1,3
283,21,Male,Graduate,Italy,5.1,TikTok,Yes,7,5,In Relationship,3,8
284,20,Female,Undergraduate,South Korea,4.4,KakaoTalk,Yes,7.4,6,Single,3,6
285,22,Male,Graduate,Russia,3.9,VKontakte,No,8.1,7,In Relationship,2,5
286,19,Female,Undergraduate,USA,6.9,Instagram,Yes,5.2,4,Single,4,9
287,21,Male,Graduate,UK,4.8,Facebook,Yes,6.8,6,In Relationship,3,7
288,20,Female,Undergraduate,Australia,4.1,Instagram,No,7.7,7,Single,2,5
Student_ID,22,Male,Graduate,Germany,3.3,Facebook,No,8.2,8,In Relationship,1,4
289,19,Female,Undergraduate,Japan,2.8,LINE,No,8.8,8,Single,1,3
290,21,Male,Graduate,Italy,5,Instagram,Yes,7.1,5,Single,3,7
291,20,Female,Undergraduate,South Korea,4.3,KakaoTalk,Yes,7.5,6,In Relationship,3,6
292,22,Male,Graduate,Russia,3.8,VKontakte,No,8.2,7,Single,2,5
293,19,Female,Undergraduate,USA,7,TikTok,Yes,5.1,4,In Relationship,4,9
294,21,Male,Graduate,UK,4.7,Instagram,Yes,6.9,6,Single,3,7
295,20,Female,Undergraduate,Australia,4,Facebook,No,7.8,7,In Relationship,2,5
296,22,Male,Graduate,Germany,3.2,Instagram,No,8.3,8,Single,1,4
297,19,Female,Undergraduate,Japan,2.7,LINE,No,8.9,8,Single,1,3
298,21,Male,Graduate,Italy,4.9,TikTok,Yes,7.2,5,In Relationship,3,8
299,20,Female,Undergraduate,South Korea,4.2,KakaoTalk,Yes,7.6,6,Single,3,6
300,22,Male,Graduate,Russia,3.7,VKontakte,No,8.3,7,In Relationship,2,5
301,19,Female,Undergraduate,USA,7.1,Instagram,Yes,5,4,Single,4,9
302,21,Male,Graduate,UK,4.6,Facebook,Yes,7,6,In Relationship,3,7
303,20,Female,Undergraduate,Australia,3.9,Instagram,No,7.9,7,Single,2,5
304,22,Male,Graduate,Germany,3.1,Facebook,No,8.4,8,In Relationship,1,4
305,19,Female,Undergraduate,Spain,5.2,Instagram,Yes,6.8,6,Single,3,7
306,21,Male,Graduate,Denmark,4.1,Facebook,No,7.8,8,In Relationship,2,4
Student_ID,20,Female,Undergraduate,Ireland,5,Instagram,Yes,7,7,Single,3,6
307,22,Male,Graduate,India,5.8,WhatsApp,Yes,6.5,5,In Relationship,4,8
308,19,Female,Undergraduate,Switzerland,4,Instagram,No,7.9,8,Single,2,4
309,21,Male,Graduate,Turkey,5.5,Instagram,Yes,6.7,6,Single,3,7
310,20,Female,Undergraduate,USA,6.8,TikTok,Yes,5.5,5,In Relationship,4,9
311,22,Male,Graduate,Mexico,5.6,WhatsApp,Yes,6.6,6,Single,3,7
312,19,Female,Undergraduate,France,4.5,Instagram,No,7.5,7,In Relationship,2,5
313,21,Male,Graduate,Canada,5.3,Instagram,Yes,6.9,6,Single,3,7
314,20,Female,Undergraduate,Spain,5.1,TikTok,Yes,6.7,6,Single,3,7
315,22,Male,Graduate,Denmark,3.9,Facebook,No,7.9,8,In Relationship,2,4
316,19,Female,Undergraduate,Ireland,4.8,Instagram,Yes,7.1,7,Single,3,6
317,21,Male,Graduate,India,5.9,WhatsApp,Yes,6.4,5,In Relationship,4,8
318,20,Female,Undergraduate,Switzerland,3.8,Instagram,No,8,8,Single,2,4
319,22,Male,Graduate,Turkey,5.4,TikTok,Yes,6.8,6,Single,3,7
320,19,Female,Undergraduate,USA,6.9,Instagram,Yes,5.4,5,In Relationship,4,9
321,21,Male,Graduate,Mexico,5.7,WhatsApp,Yes,6.5,6,Single,3,7
322,20,Female,Undergraduate,France,4.4,Instagram,No,7.6,7,In Relationship,2,5
323,22,Male,Graduate,Canada,5.2,TikTok,Yes,7,6,Single,3,7
324,19,Female,Undergraduate,Spain,5,Instagram,Yes,6.9,6,Single,3,7
Student_ID,21,Male,Graduate,Denmark,3.8,Facebook,No,8,8,In Relationship,2,4
325,20,Female,Undergraduate,Ireland,4.7,TikTok,Yes,7.2,7,Single,3,6
326,22,Male,Graduate,India,6,WhatsApp,Yes,6.3,5,In Relationship,4,8
327,19,Female,Undergraduate,Switzerland,3.7,Instagram,No,8.1,8,Single,2,4
328,21,Male,Graduate,Turkey,5.3,Instagram,Yes,6.9,6,Single,3,7
329,20,Female,Undergraduate,USA,7,TikTok,Yes,5.3,5,In Relationship,4,9
330,22,Male,Graduate,Mexico,5.8,WhatsApp,Yes,6.4,6,Single,3,7
331,19,Female,Undergraduate,France,4.3,Instagram,No,7.7,7,In Relationship,2,5
332,21,Male,Graduate,Canada,5.1,Instagram,Yes,7.1,6,Single,3,7
333,20,Female,Undergraduate,Spain,4.9,TikTok,Yes,7,6,Single,3,7
334,22,Male,Graduate,Denmark,3.7,Facebook,No,8.1,8,In Relationship,2,4
335,19,Female,Undergraduate,Ireland,4.6,Instagram,Yes,7.3,7,Single,3,6
336,21,Male,Graduate,India,6.1,WhatsApp,Yes,6.2,5,In Relationship,4,8
337,20,Female,Undergraduate,Switzerland,3.6,Instagram,No,8.2,8,Single,2,4
338,22,Male,Graduate,Turkey,5.2,TikTok,Yes,7,6,Single,3,7
339,19,Female,Undergraduate,USA,7.1,Instagram,Yes,5.2,5,In Relationship,4,9
340,21,Male,Graduate,Mexico,5.9,WhatsApp,Yes,6.3,6,Single,3,7
341,20,Female,Undergraduate,France,4.2,Instagram,No,7.8,7,In Relationship,2,5
342,22,Male,Graduate,Canada,5,TikTok,Yes,7.2,6,Single,3,7
Student_ID,19,Female,Undergraduate,Spain,4.8,Instagram,Yes,7.1,6,Single,3,7
343,21,Male,Graduate,Denmark,3.6,Facebook,No,8.2,8,In Relationship,2,4
344,20,Female,Undergraduate,Ireland,4.5,TikTok,Yes,7.4,7,Single,3,6
345,22,Male,Graduate,India,6.2,WhatsApp,Yes,6.1,5,In Relationship,4,8
346,19,Female,Undergraduate,Switzerland,3.5,Instagram,No,8.3,8,Single,2,4
347,21,Male,Graduate,Turkey,5.1,Instagram,Yes,7.1,6,Single,3,7
348,20,Female,Undergraduate,USA,7.2,TikTok,Yes,5.1,5,In Relationship,4,9
349,22,Male,Graduate,Mexico,6,WhatsApp,Yes,6.2,6,Single,3,7
350,19,Female,Undergraduate,France,4.1,Instagram,No,7.9,7,In Relationship,2,5
351,21,Male,Graduate,Canada,4.9,Instagram,Yes,7.3,6,Single,3,7
352,20,Female,Undergraduate,Spain,4.7,TikTok,Yes,7.2,6,Single,3,7
353,22,Male,Graduate,Denmark,3.5,Facebook,No,8.3,8,In Relationship,2,4
354,19,Female,Undergraduate,Ireland,4.4,Instagram,Yes,7.5,7,Single,3,6
355,21,Male,Graduate,India,6.3,WhatsApp,Yes,6,5,In Relationship,4,8
356,20,Female,Undergraduate,Switzerland,3.4,Instagram,No,8.4,8,Single,2,4
357,22,Male,Graduate,Turkey,5,TikTok,Yes,7.2,6,Single,3,7
358,19,Female,Undergraduate,USA,7.3,Instagram,Yes,5,5,In Relationship,4,9
359,21,Male,Graduate,Mexico,6.1,WhatsApp,Yes,6.1,6,Single,3,7
360,20,Female,Undergraduate,France,4,Instagram,No,8,7,In Relationship,2,5
Student_ID,22,Male,Graduate,Canada,4.8,TikTok,Yes,7.4,6,Single,3,7
361,19,Female,Undergraduate,Spain,4.6,Instagram,Yes,7.3,6,Single,3,7
362,21,Male,Graduate,Denmark,3.4,Facebook,No,8.4,8,In Relationship,2,4
363,20,Female,Undergraduate,Ireland,4.3,TikTok,Yes,7.6,7,Single,3,6
364,22,Male,Graduate,India,6.4,WhatsApp,Yes,5.9,5,In Relationship,4,8
365,19,Female,Undergraduate,Switzerland,3.3,Instagram,No,8.5,8,Single,2,4
366,21,Male,Graduate,Turkey,4.9,Instagram,Yes,7.3,6,Single,3,7
367,20,Female,Undergraduate,USA,7.4,TikTok,Yes,4.9,5,In Relationship,4,9
368,22,Male,Graduate,Mexico,6.2,WhatsApp,Yes,6,6,Single,3,7
369,19,Female,Undergraduate,France,3.9,Instagram,No,8.1,7,In Relationship,2,5
370,21,Male,Graduate,Canada,4.7,Instagram,Yes,7.5,6,Single,3,7
371,20,Female,Undergraduate,Spain,4.5,TikTok,Yes,7.4,6,Single,3,7
372,22,Male,Graduate,Denmark,3.3,Facebook,No,8.5,8,In Relationship,2,4
373,19,Female,Undergraduate,Ireland,4.2,Instagram,Yes,7.7,7,Single,3,6
374,21,Male,Graduate,India,6.5,WhatsApp,Yes,5.8,5,In Relationship,4,8
375,20,Female,Undergraduate,Switzerland,3.2,Instagram,No,8.6,8,Single,2,4
376,22,Male,Graduate,Turkey,4.8,TikTok,Yes,7.4,6,Single,3,7
377,19,Female,Undergraduate,USA,7.5,Instagram,Yes,4.8,5,In Relationship,4,9
378,21,Male,Graduate,Mexico,6.3,WhatsApp,Yes,5.9,6,Single,3,7
Student_ID,20,Female,Undergraduate,France,3.8,Instagram,No,8.2,7,In Relationship,2,5
379,22,Male,Graduate,Canada,4.6,TikTok,Yes,7.6,6,Single,3,7
380,19,Female,Undergraduate,Spain,4.4,Instagram,Yes,7.5,6,Single,3,7
381,21,Male,Graduate,Denmark,3.2,Facebook,No,8.6,8,In Relationship,2,4
382,20,Female,Undergraduate,Ireland,4.1,TikTok,Yes,7.8,7,Single,3,6
383,22,Male,Graduate,India,6.6,WhatsApp,Yes,5.7,5,In Relationship,4,8
384,19,Female,Undergraduate,Switzerland,3.1,Instagram,No,8.7,8,Single,2,4
385,21,Male,Graduate,Turkey,4.7,Instagram,Yes,7.5,6,Single,3,7
386,20,Female,Undergraduate,USA,7.6,TikTok,Yes,4.7,5,In Relationship,4,9
387,22,Male,Graduate,Mexico,6.4,WhatsApp,Yes,5.8,6,Single,3,7
388,19,Female,Undergraduate,France,3.7,Instagram,No,8.3,7,In Relationship,2,5
389,21,Male,Graduate,Canada,4.5,Instagram,Yes,7.7,6,Single,3,7
390,20,Female,Undergraduate,Spain,4.3,TikTok,Yes,7.6,6,Single,3,7
391,22,Male,Graduate,Denmark,3.1,Facebook,No,8.7,8,In Relationship,2,4
392,19,Female,Undergraduate,Ireland,4,Instagram,Yes,7.9,7,Single,3,6
393,21,Male,Graduate,India,6.7,WhatsApp,Yes,5.6,5,In Relationship,4,8
394,20,Female,Undergraduate,Switzerland,3,Instagram,No,8.8,8,Single,2,4
395,22,Male,Graduate,Turkey,4.6,TikTok,Yes,7.6,6,Single,3,7
396,19,Female,Undergraduate,USA,7.7,Instagram,Yes,4.6,5,In Relationship,4,9
Student_ID,21,Male,Graduate,Mexico,6.5,WhatsApp,Yes,5.7,6,Single,3,7
397,20,Female,Undergraduate,France,3.6,Instagram,No,8.4,7,In Relationship,2,5
398,22,Male,Graduate,Canada,4.4,TikTok,Yes,7.8,6,Single,3,7
399,19,Female,Undergraduate,Spain,4.2,Instagram,Yes,7.7,6,Single,3,7
400,21,Male,Graduate,Denmark,3,Facebook,No,8.8,8,In Relationship,2,4
401,20,Female,Undergraduate,Ireland,3.9,TikTok,Yes,8,7,Single,3,6
402,22,Male,Graduate,India,6.8,WhatsApp,Yes,5.5,5,In Relationship,4,8
403,19,Female,Undergraduate,Switzerland,2.9,Instagram,No,8.9,8,Single,2,4
404,21,Male,Graduate,Turkey,4.5,Instagram,Yes,7.7,6,Single,3,7
405,20,Female,Undergraduate,USA,7.8,TikTok,Yes,4.5,5,In Relationship,4,9
406,22,Male,Graduate,Mexico,6.6,WhatsApp,Yes,5.6,6,Single,3,7
407,19,Female,Undergraduate,France,3.5,Instagram,No,8.5,7,In Relationship,2,5
408,21,Male,Graduate,Canada,4.3,Instagram,Yes,7.9,6,Single,3,7
409,20,Female,Undergraduate,Spain,4.1,TikTok,Yes,7.8,6,Single,3,7
410,22,Male,Graduate,Denmark,2.9,Facebook,No,8.9,8,In Relationship,2,4
411,19,Female,Undergraduate,Ireland,3.8,Instagram,Yes,8.1,7,Single,3,6
412,21,Male,Graduate,India,6.9,WhatsApp,Yes,5.4,5,In Relationship,4,8
413,20,Female,Undergraduate,Switzerland,2.8,Instagram,No,9,8,Single,2,4
414,22,Male,Graduate,Turkey,4.4,TikTok,Yes,7.8,6,Single,3,7
Student_ID,19,Female,Undergraduate,USA,7.9,Instagram,Yes,4.4,5,In Relationship,4,9
415,21,Male,Graduate,Mexico,6.7,WhatsApp,Yes,5.5,6,Single,3,7
416,20,Female,Undergraduate,France,3.4,Instagram,No,8.6,7,In Relationship,2,5
417,22,Male,Graduate,Canada,4.2,TikTok,Yes,8,6,Single,3,7
418,19,Female,Undergraduate,Spain,4,Instagram,Yes,7.9,6,Single,3,7
419,21,Male,Graduate,Denmark,2.8,Facebook,No,9,8,In Relationship,2,4
420,20,Female,Undergraduate,Ireland,3.7,TikTok,Yes,8.2,7,Single,3,6
421,22,Male,Graduate,India,7,WhatsApp,Yes,5.3,5,In Relationship,4,8
422,19,Female,Undergraduate,Switzerland,2.7,Instagram,No,9.1,8,Single,2,4
423,21,Male,Graduate,Turkey,4.3,Instagram,Yes,7.9,6,Single,3,7
424,20,Female,Undergraduate,USA,8,TikTok,Yes,4.3,5,In Relationship,4,9
425,22,Male,Graduate,Mexico,6.8,WhatsApp,Yes,5.4,6,Single,3,7
426,19,Female,Undergraduate,France,3.3,Instagram,No,8.7,7,In Relationship,2,5
427,21,Male,Graduate,Canada,4.1,Instagram,Yes,8.1,6,Single,3,7
428,20,Female,Undergraduate,Spain,3.9,TikTok,Yes,8,6,Single,3,7
429,22,Male,Graduate,Denmark,2.7,Facebook,No,9.1,8,In Relationship,2,4
430,19,Female,Undergraduate,Ireland,3.6,Instagram,Yes,8.3,7,Single,3,6
431,21,Male,Graduate,India,7.1,WhatsApp,Yes,5.2,5,In Relationship,4,8
432,20,Female,Undergraduate,Switzerland,2.6,Instagram,No,9.2,8,Single,2,4
Student_ID,22,Male,Graduate,Turkey,4.2,TikTok,Yes,8,6,Single,3,7
433,19,Female,Undergraduate,USA,8.1,Instagram,Yes,4.2,5,In Relationship,4,9
434,21,Male,Graduate,Mexico,6.9,WhatsApp,Yes,5.3,6,Single,3,7
435,20,Female,Undergraduate,France,3.2,Instagram,No,8.8,7,In Relationship,2,5
436,22,Male,Graduate,Canada,4,TikTok,Yes,8.2,6,Single,3,7
437,19,Female,Undergraduate,Spain,3.8,Instagram,Yes,8.1,6,Single,3,7
438,21,Male,Graduate,Denmark,2.6,Facebook,No,9.2,8,In Relationship,2,4
439,20,Female,Undergraduate,Ireland,3.5,TikTok,Yes,8.4,7,Single,3,6
440,22,Male,Graduate,India,7.2,WhatsApp,Yes,5.1,5,In Relationship,4,8
441,19,Female,Undergraduate,Switzerland,2.5,Instagram,No,9.3,8,Single,2,4
442,21,Male,Graduate,Turkey,4.1,Instagram,Yes,8.1,6,Single,3,7
443,20,Female,Undergraduate,USA,8.2,TikTok,Yes,4.1,5,In Relationship,4,9
444,22,Male,Graduate,Mexico,7,WhatsApp,Yes,5.2,6,Single,3,7
445,19,Female,Undergraduate,France,3.1,Instagram,No,8.9,7,In Relationship,2,5
446,21,Male,Graduate,Canada,3.9,Instagram,Yes,8.3,6,Single,3,7
447,20,Female,Undergraduate,Spain,3.7,TikTok,Yes,8.2,6,Single,3,7
448,22,Male,Graduate,Denmark,2.5,Facebook,No,9.3,8,In Relationship,2,4
449,19,Female,Undergraduate,Ireland,3.4,Instagram,Yes,8.5,7,Single,3,6
450,21,Male,Graduate,India,7.3,WhatsApp,Yes,5,5,In Relationship,4,8
Student_ID,20,Female,Undergraduate,Switzerland,2.4,Instagram,No,9.4,8,Single,2,4
451,22,Male,Graduate,Turkey,4,TikTok,Yes,8.2,6,Single,3,7
452,19,Female,Undergraduate,USA,8.3,Instagram,Yes,4,5,In Relationship,4,9
453,21,Male,Graduate,Mexico,7.1,WhatsApp,Yes,5.1,6,Single,3,7
454,20,Female,Undergraduate,France,3,Instagram,No,9,7,In Relationship,2,5
455,22,Male,Graduate,Canada,3.8,TikTok,Yes,8.4,6,Single,3,7
456,19,Female,Undergraduate,Spain,3.6,Instagram,Yes,8.3,6,Single,3,7
457,21,Male,Graduate,Denmark,2.4,Facebook,No,9.4,8,In Relationship,2,4
458,20,Female,Undergraduate,Ireland,3.3,TikTok,Yes,8.6,7,Single,3,6
459,22,Male,Graduate,India,7.4,WhatsApp,Yes,4.9,5,In Relationship,4,8
460,19,Female,Undergraduate,Switzerland,2.3,Instagram,No,9.5,8,Single,2,4
461,21,Male,Graduate,Turkey,3.9,Instagram,Yes,8.3,6,Single,3,7
462,20,Female,Undergraduate,USA,8.4,TikTok,Yes,3.9,5,In Relationship,4,9
463,22,Male,Graduate,Mexico,7.2,WhatsApp,Yes,5,6,Single,3,7
464,19,Female,Undergraduate,France,2.9,Instagram,No,9.1,7,In Relationship,2,5
465,21,Male,Graduate,Canada,3.7,Instagram,Yes,8.5,6,Single,3,7
466,20,Female,Undergraduate,Spain,3.5,TikTok,Yes,8.4,6,Single,3,7
467,22,Male,Graduate,Denmark,2.3,Facebook,No,9.5,8,In Relationship,2,4
468,19,Female,Undergraduate,Ireland,3.2,Instagram,Yes,8.7,7,Single,3,6
Student_ID,21,Male,Graduate,India,7.5,WhatsApp,Yes,4.8,5,In Relationship,4,8
469,20,Female,Undergraduate,Switzerland,2.2,Instagram,No,9.6,8,Single,2,4
470,22,Male,Graduate,Turkey,3.8,TikTok,Yes,8.4,6,Single,3,7
471,19,Female,Undergraduate,USA,8.5,Instagram,Yes,3.8,5,In Relationship,4,9
472,21,Male,Graduate,Mexico,7.3,WhatsApp,Yes,4.9,6,Single,3,7
473,20,Female,Undergraduate,France,2.8,Instagram,No,9.2,7,In Relationship,2,5
474,22,Male,Graduate,Canada,3.6,TikTok,Yes,8.6,6,Single,3,7
475,19,Female,Undergraduate,Brazil,6.2,WhatsApp,Yes,6.3,6,Single,3,7
476,21,Male,Graduate,China,4.5,WeChat,No,7.8,7,In Relationship,2,5
477,20,Female,Undergraduate,Netherlands,3.8,Instagram,No,8.2,8,Single,2,4
478,22,Male,Graduate,New Zealand,4.7,Instagram,Yes,7.5,7,In Relationship,3,6
479,19,Female,Undergraduate,Singapore,5.1,TikTok,Yes,7,6,Single,3,7
480,21,Male,Graduate,Malaysia,5.5,WhatsApp,Yes,6.8,6,Single,3,7
481,20,Female,Undergraduate,UAE,6.5,Instagram,Yes,6.5,5,In Relationship,4,8
482,22,Male,Graduate,Poland,4.2,Facebook,No,7.9,7,Single,2,5
483,19,Female,Undergraduate,India,6.8,WhatsApp,Yes,6,5,In Relationship,4,8
484,21,Male,Graduate,Canada,4.8,Instagram,Yes,7.4,7,Single,3,6
485,20,Female,Undergraduate,Brazil,6.1,Instagram,Yes,6.4,6,Single,3,7
486,22,Male,Graduate,China,4.4,WeChat,No,7.9,7,In Relationship,2,5
Student_ID,19,Female,Undergraduate,Netherlands,3.7,TikTok,No,8.3,8,Single,2,4
487,21,Male,Graduate,New Zealand,4.6,Instagram,Yes,7.6,7,In Relationship,3,6
488,20,Female,Undergraduate,Singapore,5.2,TikTok,Yes,6.9,6,Single,3,7
489,22,Male,Graduate,Malaysia,5.6,WhatsApp,Yes,6.7,6,Single,3,7
490,19,Female,Undergraduate,UAE,6.6,Instagram,Yes,6.4,5,In Relationship,4,8
491,21,Male,Graduate,Poland,4.1,Facebook,No,8,7,Single,2,5
492,20,Female,Undergraduate,India,6.9,WhatsApp,Yes,5.9,5,In Relationship,4,8
493,22,Male,Graduate,Canada,4.7,TikTok,Yes,7.5,7,Single,3,6
494,19,Female,Undergraduate,Brazil,6,WhatsApp,Yes,6.5,6,Single,3,7
495,21,Male,Graduate,China,4.3,WeChat,No,8,7,In Relationship,2,5
496,20,Female,Undergraduate,Netherlands,3.6,Instagram,No,8.4,8,Single,2,4
497,22,Male,Graduate,New Zealand,4.5,Facebook,Yes,7.7,7,In Relationship,3,6
498,19,Female,Undergraduate,Singapore,5.3,TikTok,Yes,6.8,6,Single,3,7
499,21,Male,Graduate,Malaysia,5.7,WhatsApp,Yes,6.6,6,Single,3,7
500,20,Female,Undergraduate,UAE,6.7,Instagram,Yes,6.3,5,In Relationship,4,8
501,22,Male,Graduate,Poland,4,Facebook,No,8.1,7,Single,2,5
502,19,Female,Undergraduate,India,7,WhatsApp,Yes,5.8,5,In Relationship,4,8
503,21,Male,Graduate,Canada,4.6,Instagram,Yes,7.6,7,Single,3,6
504,20,Female,Undergraduate,Brazil,5.9,TikTok,Yes,6.6,6,Single,3,7
Student_ID,22,Male,Graduate,China,4.2,WeChat,No,8.1,7,In Relationship,2,5
505,19,Female,Undergraduate,Netherlands,3.5,Instagram,No,8.5,8,Single,2,4
506,21,Male,Graduate,New Zealand,4.4,Facebook,Yes,7.8,7,In Relationship,3,6
507,20,Female,Undergraduate,Singapore,5.4,TikTok,Yes,6.7,6,Single,3,7
508,22,Male,Graduate,Malaysia,5.8,WhatsApp,Yes,6.5,6,Single,3,7
509,19,Female,Undergraduate,UAE,6.8,Instagram,Yes,6.2,5,In Relationship,4,8
510,21,Male,Graduate,Poland,3.9,Facebook,No,8.2,7,Single,2,5
511,20,Female,Undergraduate,India,7.1,WhatsApp,Yes,5.7,5,In Relationship,4,8
512,22,Male,Graduate,Canada,4.5,TikTok,Yes,7.7,7,Single,3,6
513,19,Female,Undergraduate,Brazil,5.8,WhatsApp,Yes,6.7,6,Single,3,7
514,21,Male,Graduate,China,4.1,WeChat,No,8.2,7,In Relationship,2,5
515,20,Female,Undergraduate,Netherlands,3.4,Instagram,No,8.6,8,Single,2,4
516,22,Male,Graduate,New Zealand,4.3,Instagram,Yes,7.9,7,In Relationship,3,6
517,19,Female,Undergraduate,Singapore,5.5,TikTok,Yes,6.6,6,Single,3,7
518,21,Male,Graduate,Malaysia,5.9,WhatsApp,Yes,6.4,6,Single,3,7
519,20,Female,Undergraduate,UAE,6.9,Instagram,Yes,6.1,5,In Relationship,4,8
520,22,Male,Graduate,Poland,3.8,Facebook,No,8.3,7,Single,2,5
521,19,Female,Undergraduate,India,7.2,WhatsApp,Yes,5.6,5,In Relationship,4,8
522,21,Male,Graduate,Canada,4.4,Instagram,Yes,7.8,7,Single,3,6
Student_ID,20,Female,Undergraduate,Brazil,5.7,TikTok,Yes,6.8,6,Single,3,7
523,22,Male,Graduate,China,4,WeChat,No,8.3,7,In Relationship,2,5
524,19,Female,Undergraduate,Netherlands,3.3,Instagram,No,8.7,8,Single,2,4
525,21,Male,Graduate,New Zealand,4.2,Facebook,Yes,8,7,In Relationship,3,6
526,20,Female,Undergraduate,Singapore,5.6,TikTok,Yes,6.5,6,Single,3,7
527,22,Male,Graduate,Malaysia,6,WhatsApp,Yes,6.3,6,Single,3,7
528,19,Female,Undergraduate,UAE,7,Instagram,Yes,6,5,In Relationship,4,8
529,21,Male,Graduate,Poland,3.7,Facebook,No,8.4,7,Single,2,5
530,20,Female,Undergraduate,India,7.3,WhatsApp,Yes,5.5,5,In Relationship,4,8
531,22,Male,Graduate,Canada,4.3,TikTok,Yes,7.9,7,Single,3,6
532,19,Female,Undergraduate,Brazil,5.6,WhatsApp,Yes,6.9,6,Single,3,7
533,21,Male,Graduate,China,3.9,WeChat,No,8.4,7,In Relationship,2,5
534,20,Female,Undergraduate,Netherlands,3.2,Instagram,No,8.8,8,Single,2,4
535,22,Male,Graduate,New Zealand,4.1,Instagram,Yes,8.1,7,In Relationship,3,6
536,19,Female,Undergraduate,Singapore,5.7,TikTok,Yes,6.4,6,Single,3,7
537,21,Male,Graduate,Malaysia,6.1,WhatsApp,Yes,6.2,6,Single,3,7
538,20,Female,Undergraduate,UAE,7.1,Instagram,Yes,5.9,5,In Relationship,4,8
539,22,Male,Graduate,Poland,3.6,Facebook,No,8.5,7,Single,2,5
540,19,Female,Undergraduate,India,7.4,WhatsApp,Yes,5.4,5,In Relationship,4,8
Student_ID,21,Male,Graduate,Canada,4.2,Instagram,Yes,8,7,Single,3,6
541,20,Female,Undergraduate,Spain,6.1,Instagram,Yes,7.2,5,Single,4,7
542,23,Male,Graduate,Denmark,3.8,Twitter,No,7.8,8,In Relationship,2,4
543,19,Female,Undergraduate,Ireland,5.5,TikTok,Yes,6.8,6,Single,4,8
544,22,Male,Graduate,India,7.2,Facebook,Yes,5.9,4,Single,5,9
545,21,Female,Undergraduate,Switzerland,4.2,Instagram,No,7.5,7,In Relationship,2,5
546,24,Male,Graduate,Turkey,6.8,TikTok,Yes,6.2,5,Single,4,8
547,20,Female,Undergraduate,USA,5.9,Instagram,Yes,6.7,6,In Relationship,3,7
548,22,Male,Graduate,Mexico,6.5,Facebook,Yes,6.1,5,Single,4,8
549,19,Female,Undergraduate,France,4.7,Twitter,No,7.4,7,Single,2,5
550,23,Male,Graduate,Canada,5.2,Instagram,Yes,7,6,In Relationship,3,6
551,21,Female,Undergraduate,UK,6.3,TikTok,Yes,6.4,5,Single,4,8
552,24,Male,Graduate,Italy,4.9,Facebook,No,7.3,7,In Relationship,2,5
553,20,Female,Undergraduate,Russia,6.7,Instagram,Yes,6,5,Single,4,8
554,22,Male,Graduate,China,5.8,WeChat,Yes,6.5,6,In Relationship,3,7
555,19,Female,Undergraduate,Japan,4.5,Twitter,No,7.6,8,Single,2,4
556,23,Male,Graduate,Poland,6.4,Facebook,Yes,6.3,5,Single,4,8
557,21,Female,Undergraduate,Finland,4.1,Instagram,No,7.7,7,In Relationship,2,5
558,24,Male,Graduate,Spain,6.6,TikTok,Yes,6.2,5,Single,4,8
Student_ID,20,Female,Undergraduate,Denmark,4.4,Instagram,No,7.4,7,In Relationship,2,5
559,22,Male,Graduate,Ireland,5.7,Twitter,Yes,6.8,6,Single,3,7
560,19,Female,Undergraduate,India,7,Instagram,Yes,5.8,4,Single,5,9
561,23,Male,Graduate,Switzerland,4.3,Facebook,No,7.5,7,In Relationship,2,5
562,21,Female,Undergraduate,Turkey,6.9,TikTok,Yes,6.1,5,Single,4,8
563,24,Male,Graduate,USA,5.6,Instagram,Yes,6.9,6,In Relationship,3,7
564,20,Female,Undergraduate,Mexico,6.2,Facebook,Yes,6.3,5,Single,4,8
565,21,Male,Undergraduate,France,5.8,Instagram,Yes,6.7,6,Single,3,7
566,23,Female,Graduate,Canada,4.9,TikTok,No,7.3,7,In Relationship,2,5
567,20,Male,Undergraduate,UK,6.4,Facebook,Yes,6.2,5,Single,4,8
568,22,Female,Graduate,Italy,5.1,Twitter,No,7.1,7,In Relationship,2,5
569,19,Male,Undergraduate,Russia,6.7,Instagram,Yes,6,4,Single,4,8
570,24,Female,Graduate,China,5.5,WeChat,Yes,6.8,6,In Relationship,3,7
571,21,Male,Undergraduate,Japan,4.3,Twitter,No,7.6,8,Single,2,4
572,23,Female,Graduate,Poland,6.2,Instagram,Yes,6.4,5,Single,4,8
573,20,Male,Undergraduate,Finland,4.5,Facebook,No,7.4,7,In Relationship,2,5
574,22,Female,Graduate,Spain,6.3,TikTok,Yes,6.3,5,Single,4,8
575,19,Male,Undergraduate,Denmark,4.7,Instagram,No,7.2,7,In Relationship,2,5
576,24,Female,Graduate,Ireland,5.9,Twitter,Yes,6.6,6,Single,3,7
Student_ID,21,Male,Undergraduate,India,7.1,Facebook,Yes,5.7,4,Single,5,9
577,23,Female,Graduate,Switzerland,4.4,Instagram,No,7.4,7,In Relationship,2,5
578,20,Male,Undergraduate,Turkey,6.6,TikTok,Yes,6.2,5,Single,4,8
579,22,Female,Graduate,USA,5.4,Instagram,Yes,6.9,6,In Relationship,3,7
580,19,Male,Undergraduate,Mexico,6.5,Facebook,Yes,6.1,5,Single,4,8
581,24,Female,Graduate,France,4.8,Twitter,No,7.3,7,In Relationship,2,5
582,21,Male,Undergraduate,Canada,5.7,Instagram,Yes,6.7,6,Single,3,7
583,23,Female,Graduate,UK,6.1,TikTok,Yes,6.4,5,Single,4,8
584,20,Male,Undergraduate,Italy,4.6,Facebook,No,7.2,7,In Relationship,2,5
585,22,Female,Graduate,Russia,6.8,Instagram,Yes,5.9,4,Single,5,9
586,19,Male,Undergraduate,China,5.6,WeChat,Yes,6.8,6,In Relationship,3,7
587,24,Female,Graduate,Japan,4.2,Twitter,No,7.5,8,Single,2,4
588,21,Male,Undergraduate,Poland,6.3,TikTok,Yes,6.3,5,Single,4,8
589,23,Female,Graduate,Finland,4.4,Instagram,No,7.4,7,In Relationship,2,5
590,20,Male,Undergraduate,Spain,6.5,Facebook,Yes,6.2,5,Single,4,8
591,22,Female,Graduate,Denmark,4.6,Twitter,No,7.3,7,In Relationship,2,5
592,19,Male,Undergraduate,Ireland,5.8,Instagram,Yes,6.6,6,Single,3,7
593,24,Female,Graduate,India,7,TikTok,Yes,5.8,4,Single,5,9
594,21,Male,Undergraduate,Switzerland,4.5,Facebook,No,7.3,7,In Relationship,2,5
Student_ID,23,Female,Graduate,Turkey,6.7,Instagram,Yes,6.1,5,Single,4,8
595,20,Male,Undergraduate,USA,5.5,Twitter,Yes,6.8,6,In Relationship,3,7
596,22,Female,Graduate,Mexico,6.4,Facebook,Yes,6.2,5,Single,4,8
597,19,Male,Undergraduate,France,4.7,Instagram,No,7.2,7,In Relationship,2,5
598,24,Female,Graduate,Canada,5.6,TikTok,Yes,6.7,6,Single,3,7
599,21,Male,Undergraduate,UK,6.2,Facebook,Yes,6.3,5,Single,4,8
600,23,Female,Graduate,Italy,4.8,Twitter,No,7.1,7,In Relationship,2,5
601,20,Male,Undergraduate,Russia,6.9,Instagram,Yes,5.9,4,Single,5,9
602,22,Female,Graduate,China,5.7,WeChat,Yes,6.7,6,In Relationship,3,7
603,19,Male,Undergraduate,Japan,4.4,Twitter,No,7.4,8,Single,2,4
604,24,Female,Graduate,Poland,6.1,TikTok,Yes,6.4,5,Single,4,8
605,21,Male,Undergraduate,Finland,4.3,Instagram,No,7.5,7,In Relationship,2,5
606,23,Female,Graduate,Spain,6.4,Facebook,Yes,6.2,5,Single,4,8
607,20,Male,Undergraduate,Denmark,4.5,Twitter,No,7.3,7,In Relationship,2,5
608,22,Female,Graduate,Ireland,5.9,Instagram,Yes,6.5,6,Single,3,7
609,19,Male,Undergraduate,India,7.2,TikTok,Yes,5.7,4,Single,5,9
610,24,Female,Graduate,Switzerland,4.6,Facebook,No,7.2,7,In Relationship,2,5
611,21,Male,Undergraduate,Turkey,6.8,Instagram,Yes,6,5,Single,4,8
612,23,Female,Graduate,USA,5.3,Twitter,Yes,6.8,6,In Relationship,3,7
Student_ID,22,Male,Graduate,Mexico,6.3,Facebook,Yes,6.2,5,Single,4,8
613,20,Female,Undergraduate,France,4.8,Instagram,No,7.1,7,In Relationship,2,5
614,23,Male,Graduate,Canada,5.7,TikTok,Yes,6.6,6,Single,3,7
615,21,Female,Undergraduate,UK,6.2,Twitter,Yes,6.3,5,Single,4,8
616,24,Male,Graduate,Italy,4.7,Facebook,No,7.2,7,In Relationship,2,5
617,19,Female,Undergraduate,Russia,6.8,Instagram,Yes,5.9,4,Single,5,9
618,22,Male,Graduate,China,5.6,WeChat,Yes,6.7,6,In Relationship,3,7
619,20,Female,Undergraduate,Japan,4.3,Twitter,No,7.5,8,Single,2,4
620,23,Male,Graduate,Poland,6.2,TikTok,Yes,6.3,5,Single,4,8
621,21,Female,Undergraduate,Finland,4.4,Instagram,No,7.4,7,In Relationship,2,5
622,24,Male,Graduate,Spain,6.5,Facebook,Yes,6.1,5,Single,4,8
623,19,Female,Undergraduate,Denmark,4.6,Twitter,No,7.3,7,In Relationship,2,5
624,22,Male,Graduate,Ireland,5.8,Instagram,Yes,6.6,6,Single,3,7
625,20,Female,Undergraduate,India,7.1,TikTok,Yes,5.8,4,Single,5,9
626,23,Male,Graduate,Switzerland,4.5,Facebook,No,7.3,7,In Relationship,2,5
627,21,Female,Undergraduate,Turkey,6.7,Instagram,Yes,6,5,Single,4,8
628,24,Male,Graduate,USA,5.4,Twitter,Yes,6.8,6,In Relationship,3,7
629,19,Female,Undergraduate,Mexico,6.4,TikTok,Yes,6.2,5,Single,4,8
630,22,Male,Graduate,France,4.7,Facebook,No,7.2,7,In Relationship,2,5
Student_ID,20,Female,Undergraduate,Canada,5.6,Instagram,Yes,6.7,6,Single,3,7
631,23,Male,Graduate,UK,6.3,Twitter,Yes,6.2,5,Single,4,8
632,21,Female,Undergraduate,Italy,4.8,TikTok,No,7.1,7,In Relationship,2,5
633,24,Male,Graduate,Russia,6.9,Instagram,Yes,5.9,4,Single,5,9
634,19,Female,Undergraduate,China,5.7,WeChat,Yes,6.7,6,In Relationship,3,7
635,22,Male,Graduate,Japan,4.4,Twitter,No,7.4,8,Single,2,4
636,20,Female,Undergraduate,Poland,6.1,Facebook,Yes,6.4,5,Single,4,8
637,23,Male,Graduate,Finland,4.3,Instagram,No,7.5,7,In Relationship,2,5
638,21,Female,Undergraduate,Spain,6.4,TikTok,Yes,6.2,5,Single,4,8
639,24,Male,Graduate,Denmark,4.5,Twitter,No,7.3,7,In Relationship,2,5
640,19,Female,Undergraduate,Ireland,5.9,Instagram,Yes,6.5,6,Single,3,7
641,22,Male,Graduate,India,7.2,Facebook,Yes,5.7,4,Single,5,9
642,20,Female,Undergraduate,Switzerland,4.6,TikTok,No,7.2,7,In Relationship,2,5
643,23,Male,Graduate,Turkey,6.8,Instagram,Yes,6,5,Single,4,8
644,21,Female,Undergraduate,USA,5.3,Twitter,Yes,6.8,6,In Relationship,3,7
645,24,Male,Graduate,Mexico,6.2,Facebook,Yes,6.3,5,Single,4,8
646,19,Female,Undergraduate,France,4.7,Instagram,No,7.2,7,In Relationship,2,5
647,22,Male,Graduate,Canada,5.8,TikTok,Yes,6.6,6,Single,3,7
648,20,Female,Undergraduate,UK,6.1,Twitter,Yes,6.4,5,Single,4,8
Student_ID,23,Male,Graduate,Italy,4.8,Facebook,No,7.1,7,In Relationship,2,5
649,21,Female,Undergraduate,Russia,6.7,Instagram,Yes,6,4,Single,5,9
650,24,Male,Graduate,China,5.5,WeChat,Yes,6.8,6,In Relationship,3,7
651,19,Female,Undergraduate,Japan,4.2,Twitter,No,7.5,8,Single,2,4
652,22,Male,Graduate,Poland,6.3,TikTok,Yes,6.2,5,Single,4,8
653,20,Female,Undergraduate,Finland,4.4,Instagram,No,7.4,7,In Relationship,2,5
654,23,Male,Graduate,Spain,6.5,Facebook,Yes,6.1,5,Single,4,8
655,21,Female,Undergraduate,Denmark,4.6,Twitter,No,7.3,7,In Relationship,2,5
656,24,Male,Graduate,Ireland,5.9,Instagram,Yes,6.5,6,Single,3,7
657,19,Female,Undergraduate,India,7,TikTok,Yes,5.8,4,Single,5,9
658,22,Male,Graduate,Switzerland,4.5,Facebook,No,7.3,7,In Relationship,2,5
659,20,Female,Undergraduate,Turkey,6.6,Instagram,Yes,6.1,5,Single,4,8
660,23,Male,Graduate,USA,5.5,Twitter,Yes,6.7,6,In Relationship,3,7
661,21,Female,Undergraduate,Mexico,6.3,TikTok,Yes,6.2,5,Single,4,8
662,24,Male,Graduate,France,4.8,Facebook,No,7.1,7,In Relationship,2,5
663,19,Female,Undergraduate,Canada,5.7,Instagram,Yes,6.6,6,Single,3,7
664,22,Male,Graduate,UK,6.2,Twitter,Yes,6.3,5,Single,4,8
665,20,Female,Undergraduate,Italy,4.7,TikTok,No,7.2,7,In Relationship,2,5
666,23,Male,Graduate,Russia,6.8,Instagram,Yes,5.9,4,Single,5,9
Student_ID,21,Female,Undergraduate,China,5.6,WeChat,Yes,6.7,6,In Relationship,3,7
667,24,Male,Graduate,Japan,4.3,Twitter,No,7.5,8,Single,2,4
668,19,Female,Undergraduate,Poland,6.2,Facebook,Yes,6.3,5,Single,4,8
669,,,,,,,,,,,,
